URL,Primary Keyword,Secondary Keywords,Search Intent,Priority,Recommended Next Content
/,custom teamwear manufacturer,"custom sports uniforms, sublimation team uniforms, OEM sportswear manufacturer",Brand + commercial,High,"Add more proof blocks, internal links to top categories, case photos"
/free-mockup/,free custom teamwear mockup,"custom uniform mockup, free jersey design mockup, teamwear design service",Lead capture,Highest,Add what-you-receive examples and direct WhatsApp/email
/about/,custom teamwear company,"sports uniform supplier, teamwear manufacturer profile",Trust research,Medium,"Expand company story, buyer types, brand mission"
/factory/,sportswear factory,"custom uniform factory, sublimation printing factory, teamwear quality control",Supplier evaluation,High,Add production workflow and QC details
/oem-odm/,OEM sportswear manufacturer,"ODM teamwear supplier, private label sportswear, wholesale team uniforms",B2B procurement,High,"Add private label process, packaging, MOQ tiers"
/custom-basketball-uniforms/,custom basketball uniforms,"custom basketball jerseys, sublimation basketball uniforms, basketball uniforms manufacturer",Product landing,Highest,"Add custom options, specs, size/name/number guide"
/custom-soccer-kits/,custom soccer kits,"custom soccer jerseys, soccer uniforms manufacturer, custom football kits",Product landing,Highest,"Add kits, socks, goalkeeper, club academy use cases"
/custom-baseball-softball-uniforms/,custom baseball uniforms,"custom softball uniforms, baseball jerseys manufacturer, sublimation baseball jerseys",Product landing,High,"Add button jersey details, cap/pants options"
/custom-running-marathon-wear/,custom running apparel,"custom marathon shirts, race apparel, running singlets manufacturer",Product landing,High,Add event apparel and race deadline guide
/custom-training-wear/,custom training wear,"custom tracksuits manufacturer, warm-up suits, team travel suits",Product landing,High,Add tracksuit fabric/fit options
/custom-american-football-uniforms/,custom American football uniforms,"custom football jerseys, football uniforms manufacturer",Product landing,Medium,Add safe football customization guide
/custom-volleyball-uniforms/,custom volleyball uniforms,"custom volleyball jerseys, volleyball uniforms manufacturer",Product landing,Medium,Add women team sets and stretch/breathability details
/custom-ice-hockey-jerseys/,custom ice hockey jerseys,"custom hockey jerseys, sublimation hockey jerseys",Product landing,Medium,Add hockey jersey sizing/material details
/custom-tennis-wear/,custom tennis wear,"custom tennis apparel, tennis shirts manufacturer",Product landing,Medium,Add club apparel/polo/skirt options
/custom-golf-wear/,custom golf wear,"custom golf polo shirts, corporate golf shirts",Product landing,Medium,Add corporate golf/polo embroidery options
