URL,Page Type,Index Priority,Canonical URL,Submitted to GSC,Checked Mobile,Checked CTA,Notes
https://poxiol.com/,Home | Custom Teamwear & Sports Uniforms Manufacturer,1.0,https://poxiol.com/,No,No,No,
https://poxiol.com/free-mockup/,Free Custom Teamwear Mockup Request,0.95,https://poxiol.com/free-mockup/,No,No,No,
https://poxiol.com/contact/,Contact POXIOL Teamwear,0.75,https://poxiol.com/contact/,No,No,No,
https://poxiol.com/about/,About POXIOL Teamwear,0.70,https://poxiol.com/about/,No,No,No,
https://poxiol.com/factory/,Factory Strength & Quality Control,0.80,https://poxiol.com/factory/,No,No,No,
https://poxiol.com/oem-odm/,OEM/ODM Teamwear Manufacturing,0.85,https://poxiol.com/oem-odm/,No,No,No,
https://poxiol.com/custom-basketball-uniforms/,Custom Basketball Uniforms,0.90,https://poxiol.com/custom-basketball-uniforms/,No,No,No,
https://poxiol.com/custom-soccer-kits/,Custom Soccer Kits,0.90,https://poxiol.com/custom-soccer-kits/,No,No,No,
https://poxiol.com/custom-baseball-softball-uniforms/,Custom Baseball & Softball Uniforms,0.85,https://poxiol.com/custom-baseball-softball-uniforms/,No,No,No,
https://poxiol.com/custom-running-marathon-wear/,Custom Running & Marathon Wear,0.85,https://poxiol.com/custom-running-marathon-wear/,No,No,No,
https://poxiol.com/custom-training-wear/,Custom Training Wear & Warm-up Suits,0.85,https://poxiol.com/custom-training-wear/,No,No,No,
https://poxiol.com/custom-american-football-uniforms/,Custom American Football Uniforms,0.80,https://poxiol.com/custom-american-football-uniforms/,No,No,No,
https://poxiol.com/custom-volleyball-uniforms/,Custom Volleyball Uniforms,0.80,https://poxiol.com/custom-volleyball-uniforms/,No,No,No,
https://poxiol.com/custom-ice-hockey-jerseys/,Custom Ice Hockey Jerseys,0.75,https://poxiol.com/custom-ice-hockey-jerseys/,No,No,No,
https://poxiol.com/custom-tennis-wear/,Custom Tennis Wear,0.75,https://poxiol.com/custom-tennis-wear/,No,No,No,
https://poxiol.com/custom-golf-wear/,Custom Golf Wear & Polo Shirts,0.75,https://poxiol.com/custom-golf-wear/,No,No,No,
